insert into gamelist (title, description, price, inventory, genre) values ('Ventosanzap', 'Right-sized next generation neural-net', 51.95, 51, 'roleplaying');
insert into gamelist (title, description, price, inventory, genre) values ('Tampflex', 'Optimized transitional interface', 71.32, 78, 'action');
insert into gamelist (title, description, price, inventory, genre) values ('Span', 'Horizontal fresh-thinking solution', 21.54, 16, 'action');
insert into gamelist (title, description, price, inventory, genre) values ('Vagram', 'Horizontal tertiary database', 73.45, 41, 'action');
insert into gamelist (title, description, price, inventory, genre) values ('Job', 'Down-sized didactic matrix', 85.53, 32, 'adventure');
insert into gamelist (title, description, price, inventory, genre) values ('Vagram', 'Secured radical functionalities', 38.16, 100, 'roleplaying');
insert into gamelist (title, description, price, inventory, genre) values ('Bamity', 'Customer-focused multi-state Graphic Interface', 24.15, 26, 'action');
insert into gamelist (title, description, price, inventory, genre) values ('Ronstring', 'Implemented object-oriented standardization', 30.14, 24, 'adventure');
insert into gamelist (title, description, price, inventory, genre) values ('Duobam', 'Optimized cohesive challenge', 89.14, 44, 'action');
insert into gamelist (title, description, price, inventory, genre) values ( 'Tempsoft', 'Configurable even-keeled budgetary management', 20.09, 65, 'strategy');
insert into gamelist (title, description, price, inventory, genre) values ('Opela', 'Distributed full-range model', 47.25, 81, 'strategy');
insert into gamelist (title, description, price, inventory, genre) values ('Redhold', 'Adaptive asynchronous structure', 67.36, 66, 'adventure');
insert into gamelist (title, description, price, inventory, genre) values ('Otcom', 'Focused homogeneous intranet', 45.8, 95, 'roleplaying');
insert into gamelist (title, description, price, inventory, genre) values ('Sonsing', 'Team-oriented dynamic process improvement', 38.2, 83, 'action');
insert into gamelist (title, description, price, inventory, genre) values ('Greenlam', 'Re-engineered zero administration process improvement', 27.59, 87, 'strategy');
insert into gamelist (title, description, price, inventory, genre) values ('Rank', 'Multi-channelled bi-directional array', 13.6, 99, 'adventure');
insert into gamelist (title, description, price, inventory, genre) values ('Asoka', 'Virtual clear-thinking encryption', 45.68, 48, 'adventure');
insert into gamelist (title, description, price, inventory, genre) values ('Holdlamis', 'Team-oriented 6th generation hierarchy', 73.92, 70, 'action');
insert into gamelist (title, description, price, inventory, genre) values ('Domainer', 'Organic clear-thinking open architecture', 17.47, 55, 'action');
insert into gamelist (title, description, price, inventory, genre) values ('Keylex', 'Inverse hybrid monitoring', 85.84, 25, 'strategy');


insert into discount (genre, discount) values ('action', 0.92);
insert into discount (genre, discount) values ('adventure', 0.54);
insert into discount (genre, discount) values ('roleplaying', 0.26);
insert into discount (genre, discount) values ('strategy', 0.99);


insert into userlist (first_name, last_name, email, password, role) values ('Ezri', 'Seathwright', 'admin@admin.com', '$2a$10$16RH8.8.AsmgXIBhE4RBg.pcwYCNWR50ELVCvt7tYWxYLUpyYYmuG', 'admin');
insert into userlist (first_name, last_name, email, password, role) values ('Garwood', 'Pether', 'gpether1@ibm.com', 'yd0FX6', 'user');
insert into userlist (first_name, last_name, email, password, role) values ('Astrid', 'Crimes', 'acrimes2@so-net.ne.jp', 't0D52ifWJ8', 'user');
insert into userlist (first_name, last_name, email, password, role) values ('Isidoro', 'Renackowna', 'irenackowna3@cbsnews.com', 'GffzajGB2', 'user');
insert into userlist (first_name, last_name, email, password, role) values ('Padgett', 'Walsh', 'pwalsh4@360.cn', 'jWMUJVh1X', 'user');
insert into userlist (first_name, last_name, email, password, role) values ('Pen', 'Cops', 'pcops5@gmpg.org', 'vOBSiP5', 'user');
insert into userlist (first_name, last_name, email, password, role) values ('Else', 'Saura', 'esaura6@wiley.com', '5z7qYOji3', 'user');
insert into userlist (first_name, last_name, email, password, role) values ('Edan', 'Mallam', 'emallam7@nasa.gov', 'Sva2hHZqyNVS', 'user');
insert into userlist (first_name, last_name, email, password, role) values ('Ema', 'Faucett', 'efaucett8@thetimes.co.uk', 'xQrEaZ3xIV', 'user');
insert into userlist (first_name, last_name, email, password, role) values ('Penn', 'Tomsu', 'ptomsu9@vistaprint.com', 'Gm0Zgv6Rf', 'user');
insert into userlist (first_name, last_name, email, password, role) values ('Ely', 'Reith', 'ereitha@bbb.org', '4N57BKnRc', 'user');
insert into userlist (first_name, last_name, email, password, role) values ('Giraud', 'Lawland', 'glawlandb@fc2.com', 'WSxzfJ', 'user');
insert into userlist (first_name, last_name, email, password, role) values ('Jacenta', 'Rumble', 'jrumblec@naver.com', 'KvDEDhu9Kig', 'user');
insert into userlist (first_name, last_name, email, password, role) values ('Arabele', 'Karolczyk', 'akarolczykd@t-online.de', 'pADEkOrY3', 'user');
insert into userlist (first_name, last_name, email, password, role) values ('Nolan', 'Salzberg', 'nsalzberge@toplist.cz', 'XrMvJi', 'user');
